Subject ; 
Codeine/Hydrocodone/Phentermin/Vicodin 7.5/750mg $3.90/pill, NoPrescription, Shipping via FEDEX/UPS/DHL - We accept Visa & MasterCard! BUY NOW! mvsgki jqup;
Re: Java is for kiddies;
[spam] [SPAM]  Jacob & Co. Watches;
Re: asignar hora a PC;
Re: Problem detecting sleep in 10.6;
[spam] =?windows-1251?B?W1NQQU1dIA==?==?windows-1251?B?SGFuZGJhZ3M=?=;
Re: Which kernel for ThinkPad 760XD ?;
[SA] Job Update;
Re: Ctrl+alt+Fn not showing consoles;
Re: Secure Sofware Key;
Re: which package can show CPU temperature and fan speed;
How to play 3gp audio files?;
Re: [Baseline] Raising chickens the high-tech way;
Get the Perfect Mix of ZDNet's Best Stuff!;
[SPAM]  Small magic things to enhance your relations.;
Re: [ILUG] find the biggest file;
Re: Filesystem recommendations;
Free Adult DVDs. No purchase necessary... To: yyyy@netnoteinc.com ID: ksdk;
Lowest Rates Available.                    edhhnjtvwx;
ADV: Harvest lots of E-mail addresses quickly !;
RE: The Curse of India's Socialism;
USB key accepts data only as root;
[SPAM]  John pumped  Tina full off cock;
How to schedule for a repeated task?;
Z-app Your Term Life Business;
Re: [SAtalk] O.T. Habeus -- Why?;
Re: Got Ink?              21846;
Fw: The Gold Buddha;
Re: GNOME crashes when .xsession file is present.;
Re: monitoring internet availability and sending sms alert?;
Harvest lots of E-mail addresses quickly !;
Re: Filesystem recommendations;
Re: Realtek ethernet (was Re: recent mobo recommendation);
Crystal Clear Conference Calls;
Re: [SAdev] testing with less rules;
Re: [TexLive] This math formula work a few month a go, but  nowadaysit didn't work anymore;
Re: Kde 3.5 ...;
The Government Grants You $25,000!;
Re: Flash is open?;
Re: The Wrong Business;
The future of "nv" driver (was: Linux compatible mainboards-another thought);
RE: Hanson's Sept 11 message in the National Review;
Welcome, Danny and Quinn!;
[SPAM]  Put spark back into relationship;
As Seen on National TV;
Tibetans see hint of detente with China;
[SPAM]  Ve've located your docs;
Re: cannot open EPS file with inkscape;
Re: Slaughter in the Name of God;

Re: KDE Issues under "Squeeze";
Re: Aptitude Error;
Toshiba Satellite Pro L305 Series overheating solved;
EDPills - Viagra, Levitra, Cialis Erectile dysfunction is one of the most frustrating sexual issues that exist in relationships today. raksg ety;
Re: About USB hard drives and errors;
Visitor hibody's personal 80% OFF;
Re: Re (2): lilo removal in squeeze (or, "please test grub2");
Perform check-in procedures;
Re: Placing icons on bottom bar.;
Re: [Razor-users] Collision of hashes?;
Re: [ILUG] How to copy some files;
Re: [SAtalk] RBL timed oiut and Spam Assassin killed;
West Nile virus endangers blood transfusions;
Africa's deserts are in "spectacular" retreat;
[Razor-users] Reducing impact from tons of email;
Re: Wifi query;
Re: Epiphany browser continues to get worse and worse;
Kelly Z Sent You A Message;
Re: Where to find setup for env variable?;
Re: New gkrellm 2.0.0, gtk2 version;
Re: Fw: Re: When are we going to get. [making ALSA rpms];
Your Printer needs Ink;
Re: Avast there matey;
Re: Automounting problems.;
Brother, Can You Spare a Jet?;
[ILUG] hwclock;
Re: cycle through windows causes freeze;
Re: horrible mc colorscheme;
Master Henry Davis.;
SOURCEFORGE.NET UPDATE: August 14, 2002;
Re: Dragging image from Google Chrome crashes onto Java applicationcrashes it;
[SPAM]  Personality hiding software;
Tribute MovieMail - Vol. 1 #48;
Re: [meta-forkage];
Re: The future of "nv" driver (was: Linux compatible mainboards -anotherthought);
Re: Best way to install kde-standard;
Mr. hibody 70% less to pay;
Re: [SAtalk] testing the install;
[zzzzteana] Lioness adopts fifth antelope;
Call this a party?;
Re: [SAtalk] Highest-scoring false positive;
Get Your Own Great-Looking Website;
EIN News - FREE Trial;
Do you Remember Me?;
Re: [SAtalk] http://www.spamassassin.org;
[SPAM]  Xbox 360 game walkthroughs;
[SPAM]  User hibody Unique 80% Sale;
Codeine/Phentermin/Hydrocodone/Vicodin 7.5/750mg $3.90/pill, NoPrescription, Shipping via FEDEX/UPS/DHL hcn 4c3;
Re[2]: [Razor-users] Reducing impact from tons of email;
Re: Resources for learning Linux;
Fw: This is the solution I mentioned            LSC;
Re: [ILUG] How to copy some files;
Yahoo Finance RSS Beta;
A CRY FOR HELP;
you don't satisfy me               FGTPRIL;
Re: [zzzzteana] FWD [fort] Evidence Britons Were In The US In The6th Century;
Shader Integration: Merging Shading Technologies on the NintendoGamecube;
Welcome to the concept of RESIDUAL Income!;
[Spambayes] test sets?;
Re: Hanson's Sept 11 message in the National Review;
Re: [SAdev] Live Rule Updates after Release ???;
Security update for Debian Testing - 2010-04-28;
Re: cross-connecting console ports?;
Re: USB key accepts data only as root;
Re: [scoop] Scoop MS Word .doc file into something that plucker or other Palm app can display?;
Bigger, Fuller Breasts Naturally In Just Weeks.......                         mwnk;
Re: [SOLVED] Debian-multimedia breaks mplayer .mov playback on Lenny?;
Re: whoa;
Do you dream of the latest gadgets? (ZDNET SHOPPER);
You can't beat city hall;
Eliminate Back Taxes Forever! ybf;

Re: [ILUG] Formatting a windows partition from Linux;
Now anyone can get a merchant accountBBHNQGHU;
cannot open EPS file with inkscape;
Re: RH 8 no DMA for DVD drive;
Re: Good Use for ClamAV;
[Razor-users] Re: Collision of hashes?;
[spam] [SPAM]  Be her best male;
The database that Bill Gates doesnt want you to know about!!!!!;
Re: Sorting;
Re: Which remote help solution?;
Re: cannot type power of 1 or 2, 4-9 are typeable.;
[SPAM]  Post your ads where people read them!;
DataPower announces XML-in-silicon;
[SPAM]  Hey, about your comment;
Luxury $3,000-$20,000 Watches only at $230/piece: vRolex, Panerai, Louis Vuiton, Bvlgari, Cartier, Chanel & more lqycyx og8h;
OpenGL;
[spam] [SPAM]  Charity Money;
CNET NEWS.COM: Microsoft reveals media XP details;
Re: libc6 upgrade lenny to squeeze failed, now dpkg is broken;
apt.conf suggestion;
Re: [SAdev] SpamAssassin POP3 proxy;
We was in the Group;
Re: Mounting DVD.  What am I doing wrong?;
Re: automate updates in Lenny;
Home loans of all types!;
.Message report from your contact page....//ytu855 rkq;
Re: [ILUG] Autorun CDs;
Re: class structure questions;
Re: What happened to 'permissions.rules?' [Re: Why does /dev/rtc0 belong to group audio in Lenny but not in Sid?];
Toy otaku heaven;
Re: How about subsidizing SSL access to Google?;
[SPAM]  Personal 75% OFF to hibody@csmining.org. Pfizer.;
Special for hibody 75% off;
[spam] [SPAM]  replica watches;
Dear hibody, Order on-line, save 80%;
Time Share;
RE: [SAtalk] O.T. Habeus -- Why?;
Re: grub savedefault?;
Phil Wolff: Dave Winer books I'll buy. _Sweet! _;

[SPAM]  Summer time;
Central;
[Spambayes] hammie.py vs. GBayes.py;
For hibody tao. Get 70% off today. during a;
Re: C programming question;
[SPAM]  Go easily' in bedroom;
Human handshake opens data stream;
Secretly Record all internet activity on any computer... TAF;
Re: Can't play 24bit/96kHz flac files;
Re: [Razor-users] HTML Table - Razor Stats using -lm 4 ;
Two in court on IRA spy charges;
Re: The GOv gets tough on Net Users.....er Pirates..;
[ILUG] URGENT: Cant get a skrew out... PLEASE HELP!;
Re: Kontack and akonadi: a "dirty" workaround;
Re: Plagiarism (was Re: PDF is blocked for ...);
Re: Problems with JNI included in a JNLP on Mac OS X;
Re: KDE 4.4.3 in unstable;
REQUEST;
Re: [volatile] Updated clamav-related packages available fortesting;
Re: [ILUG] slashdot EW Dijkstra humor;
Re: How to flush cache of certain disk?;
Bugbear email steals card data;
Candy Sent You A Message;
Re: acroread not seeing printers;
Re: Minor whoops with glimpse support;
Re: list not upgraded packages;
Defending Unliked Speech Re: Hanson's Sept 11 message in theNational Review;
RH 8 no DMA for DVD drive;
Does Financial Freedom Interest You?;
Re: use new apt to do null to RH8 upgrade?;
Re: howto setup my own wikipedia site;
Re: Making onscreen fonts read-able[was:New monitor, how to changescreen resolution?];
Re: DataPower announces XML-in-silicon;
Re: Timezones for Kontact seriously broken in Lenny;
Dragon Player bad AVI audio;
Re: lilo removal in squeeze (or, "please test grub2");
Peruvian congressman has challenged his Vice President to a duel."My honor, I say my honor is at stake";
RE: Goodbye Global Warming;
FW: Wanna buy a nuke?;
Re: how to setup my environment variable for vim ?;
Re: CD player UI for toddlers;
Re: Xine Dependencies;
[SPAM]  You'll feel yourself with women like Michael Jordan with ball and hoop.;
Re: Problems with JNI included in a JNLP on Mac OS X;
Working for the Mouse;
[Spambayes] all but one testing;
Crazy Sale, hibody. All on -80% Weosocycy;
[Webdev] Very nice tool;
Re: Tiny DNS Swap;
Re: Spam;
Re: The GOv gets tough on Net Users.....er Pirates..;
[SPAM]  Special offer hibody@csmining.org receive 70% OFF on Pfizer.;
Enter now, hibody, 75% off;
Are you a little behind the times?;
ADV: Search Engine Placement;
Re: Asteroids anyone ?;
NEWS.COM INVESTOR: Techs fall again with telecoms, Dow drops below 8K;
Re: About USB hard drives and errors;
Watch your TEENS or the BabySitter....& GET RICH!;
Tags reveal if frozen food is rotten;
Re: About USB hard drives and errors;
How Does Unlimited Free Calling Work?;
Re: Optical analog computing?;
Doesn't smell like team spirit;
Re: A moment of silence for the First Amendment & Angry Liberal Yutes;
[Spambayes] understanding high false negative rate;
Re: Flash is open?;
Re: How to schedule for a repeated task?;
[SPAM]  Map with place;
xine problems;
LIE`S, MIS-INFORMATION and FRAUD;
CNET: Copycat worms and a PGP Outlook flaw;
Re: Downgrading to _17?;
Re: CVS report;
Re: Cannot login;
GHANA CEMENT WORKS LIMITED;
Re: only output the nth line;
[zzzzteana] SETI at Home;
Re: [ILUG] dial-on-demand;
Re: USB device attached via RS232 adaptor;
zzzz, Is Your web Site Making Money! 2:18:15 PM 8/25/2002;
Re: Broken Debian's testing migration (grave bug in module-init-tools);
GRUB2 resolution;
Microsoft redesign;
Re: KDE's LCD weather station applet;
Re: [zzzzteana] Save the planet, kill the people;
Re: [Razor-users] report and revoke the same message;
Epiphany browser continues to get worse and worse;
Broken dependencies;
UAE/Ami*/Linux Laptop:  Important details.;
CNET: A note to our subscribers;
Cash in on your home equity;
dvd::rip on Red Hat 8.0?;
Spend Too Much On Your Phone Bill?                 25711;
[SAtalk] OT: DNS MX Record Clarification Please;
Saddam set to let inspectors in;
Re: [ILUG] hwclock;
[Lockergnome Tech Specialist]  Handprint Singing;
Membership Renewal;
Smurfs: The Pasta. Thank Goodness for Chef Boyardee;
DANIEL  KARGBO. fork !;
[ILUG-Social] URGENT ASSISTANT NEEDED;
Re: usb raid1 pendrive boot;
[use Perl] Headlines for 2002-09-03;
Re: alsa-driver.spec tweak for homemade kernels;
Re: exmh bug?;
Re: [ILUG] SUSE 8 disks? (thread changed slightly);
Teen dies of starvation after stepfather puts him on a bus andtells him to find his real father;
[SPAM]  Your ticket;
Re: Dual Monitors Twin View on Nvidia;
Re: Headline - Navel gazing wins an Ig Nobel;
[use Perl] Headlines for 2002-08-15;
Re: A recommendation from a friend;
[SPAM]  For friends only;
Penis Enlargement  From Sex Health - Cheapest VigRX Penis Enlargement... tpe w8w;
New iBooks and PowerBooks;
Halley: "When is someone going to create _audio fonts_ forChrist's sake.";
Re: KDE 4.4.3 in unstable;
Re: [ILUG] SUSE 8 disks? (thread changed slightly);
shouldn't apt-get upgrade, you know, upgrade ?;
Re: PDF is blocked for printing, etc. OK for acroread (it behavesas expected), but KPDF allows me to print it, even if it is protected! Why?;
Re: pygrub is failing to boot centos domu on Debian lenny dom0;
Re: KDE4 & KDE3 || Gnome2 & Gnome3;
[dcms-dev] MY INHERITANCE;
Fwd: [camram-spam] another framework hashcash related framework;
Re: What prevents mounting of USB devices?;
to Chahlston, step fohwahd one pace." ;
[Spambayes] understanding high false negative rate;
[ILUG] STOP THE MLM INSANITY;
Better vision, better value -LASIKVision ;
Barry slammed Cathy's cunt for hours;
9% Commission on MYG Annuities;
Re: [Razor-users] empty mail is spamm?;
Re: dash-as-bin-sh;
Re: storage bits;
[SPAM]  Are you silly, writing it?;

Re: Pango problems;
Mac Box Set - 40% OFF;
Re: Sudden reboots with Firefox and Flash;
Re: Exmh && speed;
=?iso-8859-1?B?W1NQQU1dIA==?= =?iso-8859-1?B?b2sgZnVjayA4?=;
Re: Updating JRE in Lenny;
Re: Digital radio playlists are prohibited?!;
Terry Pratchett - AuthorTracker News from HarperCollins;
Re: Bluetooth-dev Digest, Vol 7, Issue 13;
Re: memory usage;
Re: Ringing bell on other computer;
Re: scaled offscreen video rendering on Windows;
Crony Capitalism (was RE: sed /s/United States/Roman Empire/g);
University selection underway;
Re: Hurtage etc.;
Sidekick's browser blows;
America's great misleader;
Re: [OT] Ubuntu vs Debian forums (was recompiling the kernel with adifferent version name);
[SPAM]  The place is usual;
Re: CD player UI for toddlers;
(no subject);
RE: [zzzzteana] Moon over ocean;
[ILUG] WE NEED YOUR ASSISTANCE TO INVEST IN YOUR COUNTRY;
[ILUG] RE: Newbie Question;
[SPAM]  Help your intimating to become super joyous! Mega offer for men after 50!;
Re: [IIU] spyware calling home?;
[SPAM]  Is 10 still early?;
Re: Apple Sauced...again;
Email marketing info;
[Lockergnome Tech Specialist]  Concrete Geekitude;
Re: Java for Mac OS X 10.6 Update 2 and 10.5 Update 7 are live;
Free InsBuyer.com Agency Listing;
[ILUG] IMPORTANT.;
Re: backup apt tree?;
[SPAM]  Be her midnight champion;
Re: Apple Sauced...again;
The History of Medicine;
Sale Reminder for hibody: 78% off all week it which;
Re: pinning + apt-get vs aptitude;
A revolution in the PC world has arrived.          RSIRTR;
Parallels;
For hibody: Everything at -79%. and First;
come well use;
[Razor-users] Re: No results from razor-check on known spam?;
FreeBSD or Linux for your MySQL Server?;
[use Perl] Stories for 2002-08-28;
RE: Our friends the Palestinians, Our servants in government.;
Special offer for hibody, prices are lowered to 1/4 value. An early refer;
Ben Silverman, the publisher of Dotcom Scoop, says the Rosenemail is real,;
[spam] [SPAM]  Replica watches, bags, pens;
Ehiogu fills the Ferdinand gap;
Re: bandwidth measurement by process;
Re: Are bad developer libraries the problem with M$ software?;
Re: Optical analog computing?;
[SAdev] [Bug 839] mailbox corruption not fixed with procmail 3.22;
=?windows-1251?B?W1NQQU1dIA==?= =?windows-1251?B?SW5mZWN0aW9uIGF0dGFja3MhIEZpZ2h0IGJhY2sh?=;
RE: Mercedes-Benz G55;
Re: gforce 9400;
Re: Kde 3.5 ...;
Wed. OSXCon Keynote -- Jordan Hubbard;
Security update for Debian Testing - 2010-05-07;
Re: New Sequences Window;
Re: udev & /dev/sdaX & lenny2squeeze;
[SA] [Ginger] has sent you a webcam invitation!;
Re: Python 2.2 site libs?;
Dental Coverage For $6.95 Per Month;
New exam fury puts Morris's job in danger;
Re: Deleting some regexp/simple expression from lots of files in a secure way;
We offer lots of different watches including the ones you like. Flash your designer watch today;
ADV: Lowest life insurance rates available!                                                   moode;
News for hibody - popular brands 79% cheaper. Rytuc;
Native American economics (was Re: sed /s/United States/RomanEmpire/g);
Hello, hibody. 80% off till July uyhe;
Re: downloaded .jnlp won't open;
Hallo, hibody tao. Get 70% off, when buying today. grandmother dystrophy a India;
Re: Flash is open?;
Re: iceweasel crashing when closing tabs;
Family Targetted Advertising;
Re: stupid question;
Triple Your Index Annuity Sales;
Re: Realtek ethernet (was Re: recent mobo recommendation);
Re: USB device attached via RS232 adaptor;
[zzzzteana] RE:Pictish;
Join Focus Groups to earn money;
Re: Kde 3.5 ...;
Re: Moving to Debian: updated software;
A matter of opinion;
Re: 2.5.0 weirdness;
[ILUG] From the desk of : George Osawa;
Re: cannot type power of 1 or 2, 4-9 are typeable.;
For hibody special 80% OFF on Pfizer;
Re: problems with 'apt-get -f install';
Re: `Battery is now fully charged:' why do I receive this afterhaving unplugged the cable?;
Re: Migrate OS to smaller drive?;
Re: Still can't read DVDs/CDs;
Re: [ILUG] URGENT: Cant get a skrew out... PLEASE HELP!;
RE: [ILUG] Newbie seeks advice - Suse 7.2;
[spam] =?windows-1251?B?W1NQQU1dIA==?==?windows-1251?B?Q2FydGllciBXYXRjaGVz?=;
Re: [zzzzteana] The Cafe Forteana is back online!!!;
[SPAM]  at few long;
[Razor-users] Bug?;
The Ultimate in PC Security and Surveillance.;
Friend, Act FAST! Getting a CREDIT CARD is as easy as 1,2,3!;
[spam] =?iso-8859-1?B?W1NQQU1dIA==?==?iso-8859-1?B?Tm90aGluZyBoZWFscyBiZXR0ZXIh?=;
[Spambayes] Deployment;
Get 12 free Burgers + 1/2 Price Omaha Steaks!;
TQ for your interest in "Freelance home typing jobs.Part/full time...";
Hey!;
University selection underway;
Legal identification;
Do you dream of the latest gadgets? (ZDNET SHOPPER);
[ILUG] cups question;
Re: Al'Qaeda's fantasy ideology:  Policy Review no. 114;
Re: (no subject);
Product Review: Virtools Dev 2.0;
Re: [OT] Ubuntu vs Debian forums (was recompiling the kernel witha different version name);
MSNBC: Rates Hit 35 year Low 4.75% ...12021;
Re: Bug#578383: Bug nautilus-clamscan;
[SPAM]  How things work Daily;
Re: Redirect stdout without clobbering?;
Re: Kde 3.5 ...;
eBay PowerSeller Secrets                         6826;
Re: [Webdev] PHP+Javascript request;
[spam] [SPAM]  Get 25% discount when buying 2 watches;
Times Square as it was;
Re: zzzz@example.com;
Re: Why are there no latest books written for Debian systems?;
Internet Connectivity that beats the prices & Quality of the Big Boys!;
Lonely iguana discovered in Salford;
[SPAM]  Fapping content;
Google PR sends a message that they have a new News service.Maybe I'm slow;
Re: [Razor-users] razor-revoke, trust levels, slashdot is not  spam.;
is there private MAC address space?;
Hey hibody, get 80 percent OFF;
Ack, apt-get still failing for me, stumped. [RH8];
Re: recompiling the kernel with a different version name;
The GOv gets tough on Net Users.....er Pirates..;
Re: backup apt tree?;
[SPAM]  For  hibody@csmining.org;
Hello, hibody! We offer 70% discounts. videos false electrical Veterans conference;
Re: [Razor-users] Razor with sendmail;
Profitable Business Relationship;

Re: [ILUG] Optimizing for Pentium Pt.2;
Monster molecule techniques win Chemistry Nobel;
RSS Critical Mass;
NEWS.COM INVESTOR: Battered stocks regain ground;
RE: non-ASCII environment;
Re: Switching from NV to Nouveau in Squeeze;
Re: How to play 3gp audio files?;
Re: Making make-kpkg quieter;
Re:[1]Save over $70 on this exquisite software suite. 32004;
Class Structure Questions;
Re: Lite SMTP server/daemon;
Re: use new apt to do null to RH8 upgrade?;
Re: using umlaut works in console, not in Citrix client;
10Mb/s through skin;
please help, new webcam/ modeling page;
Re: [ILUG] tcpd;
Cool ICQ status;
Re: [ILUG] Retrieving read mail from webmail.eircom.net via POP ?;
Re: sylpheed-claws;
Re: RPM's %post, %postun etc;
Re: How do I fsck and XFS file system in "Squeeze";
Re: KDE 4.4.3 in unstable;
Re: Apple Sauced...again;
Re: KDE unable to play complete K3B .wav files;
Re: Resources for learning Linux;
Dear hibody gets special 80% OFF on Pfizer.;
The Government grants you $25,000!;
The subtle art of sugaring bitter pills goes down well;
Re: NIS: /etc/nsswitch seems (a bit) ignored from /usr/bin/passwd*solved*;
En1argerPenis 3" in 6 Weeks, see myPenis pictures as proof. kpsl btz;
Bright dust rings highlight Earth-like planets;
Re: Console font turned cyan;
[Spambayes] all but one testing;
[SPAM]  List of deeds;
hello;
[SPAM]  Health problems? Forget about them with us.;
Re: Linux compatible mainboards -another thought;
Re: Increasing number of conflicts;
< Make $50,000 in 90 Days Sending Emails at Home >;
Re: Alternative to dhcp?;
Re: ActiveBuddy;
[SPAM]  Family friend arrives;
Message #177;
[SPAM]  Designer watches at very democratic prices.;
Dear hibody Extreme 71% discounts;
[Lockergnome Penguin Shell]  Recursive Metaphor;
[ILUG] Secure remote file access;
Re: [ILUG] Interesting article on free software licences;
Re: [ILUG] directory merging;
UBID Auction Alert;
are you in the mood             XGHTMTGGC;
Re: KDE4 & KDE3 || Gnome2 & Gnome3;
shoe horn KDE3.5 system;
Re[2]: Forged whitelist spam;
RE: Re[2]: Selling Wedded Bliss (was Re: Ouch...);
Mailing addresses against spam? Re: Al'Qaeda's fantasy ideology: Policy Review no. 114;
Oracle Technology Network TechBlast - July 2002;
Re: xine src packge still gives errors;
[SPAM]  Return me money;
Re: Fwd: Re: Kde 3.5 ...;
Re: [ILUG] Cobalt question;
RE: [ILUG] SUSE 8 disks? (thread changed slightly);
Re: NVidia MCP61, no sound...;
Re: [SAdev] 2.41 release? ;
Sale time, hibody, Save 80% right now Vegeqokopy;
Re: Gabber packages for 8.0 (was: All set for Red Hat Linux 8.0);
New Version 7: Uncover the TRUTH about ANYONE!;
NYTimes.com Article: Vast Detail on Towers' Collapse May Be Sealed;
Greetings, hibody tao - get 80% off, buying at ours. Hufylo;
Re: how to control tty to external monitor or local lcd;
Re: EBusiness Webforms: cluetrain has left the station;
Re:;
[SPAM]  Help me;
Herbal Viagra 30 day trial....            OV;
EBusiness Webforms: cluetrain has left the station;
Did I give you the money yet?          DLRA;
Tech's Major Decline;
Cordless phones: the other wireless devices;
Guaranteed Best Mortgage Rate;
[use Perl] Headlines for 2002-09-14;
Re: Resizing Raid 1 partitions;
[SPAM]  Time to perfection;
[use Perl] Stories for 2002-10-02;
> On Wed, 21 Apr 2010 12:44:38 -0500, Ron Johnson wrote:>>>> For GeForce 7600GS you have the following options:>>>>>> 1/ "nv" driver (only 2-D)>> Except that Nvidia deprecated this driver a few weeks ago...>> ... only for "newer" (fermi) cards ;
Re: Alsa/Redhat 8 compatability;
Re: Migrate OS to smaller =?UTF-8?Q?drive=3F?=;
Re: Updrading or reinstalling?;
Re: Unable to connect to my home wireless;
Re: automate updates in Lenny;
Re: gentoo 0.11.31 released...;
Today's news: Serious PHP flaw found;
Re: dist-upgrade wants to install linux-image-2.6.32-5-686;
Still looking for a house?;
Motel holds mans wheelchair ransom.;
Permanent blue skin for silver drinking politician;
[SPAM]  I must warn you;
Re: adding 192.x with static IP;
Re: Xine Dependencies;
Re: VM software for personal use?;
Not Many OS X Conference Blogs;
Great deals on the Summer's hottest MP3 players (CNET SHOPPER);
Re: KDE 4.4.3 in unstable;
[vox] Founding Fathers on Religion;
[Spambayes] spambayes package?;
Re: KDE 4.4.3 in unstable;
[zzzzteana] Re: Megalithomania UnPissup;
Re: It's a small world;
[SPAM]  Didn't recognize me?;
Re: [gst-devel] Red Hat 8.0;
Re: Realtek ethernet (was Re: recent mobo recommendation);
Re: Kde 3.5 ...;
Week of discounts, hibody: all prices are on -77% levels Ubyakyh;
Re: Safely delete (35-pass) file with a Java application;
Compositing two movies;
More cash for the business you already write - IMMEDIATELY;
Re: A message for our times;
Re: Kde 3.5 ...;
[SPAM]  REQUESTING YOUR HUMBLE ASSISTANCE;
Re: Kde 3.5 ...;
Hallo, hibody. Get 70% off, when buying today. World Jordan Church;
;
Re: NYTimes.com Article: Why We're So Nice: We're Wired to Cooperate;
Re: Apple Sauced...again;

Poker for money againts real players;
Info;
Re: Snow Leopard refresh problems;
Re: RH 8 no DMA for DVD drive;
Re: How do I fsck and XFS file system in "Squeeze";
Get on our website, hibody, and get up to 80% rebates. criminal He Beach number;

Re: Quick Java Question;
"rssflowersalignright"I've gotten to know Phil Ringalda over thelast few w;
take advantage of this offer                24344;
The best possible mortgage;
FW: FOCUS ON VALUE;
Re: Chromium in Sid;
Re: use new apt to do null to RH8 upgrade?;
Re: Ximian apt repos?;
Re: Re: Help needed: error booting to btrfs filesystem;
Over 10000 Styles Of High Quality Brands: Rolex,Bvlgari,Chanel,Breitling,IWC,Mont Blanc ... owwjcq 0ij;
[SPAM]  Special 80% discount for customer hibody on all Pfizer;
Internet Archive bookmobile;
Re: What needs to improve in KDE 4?;
Lander risks missing Mars trip;
[ILUG] PPPD disconnects on me!;
Re: `Print selection' unimplemented in Iceweasel?;
Re: RedHat 8.0 and his own freetype;
[SPAM]  Don't be afraid to change your life!;
[ILUG] Dermot Beirne/Dublin/IE/Exel is out of the office.;
[Spambayes] Deployment;
Hey, hibody 81% for you Yoyhe;
Reg Headlines Wednesday July 17;
Re: results for giant mass-check (phew);
[SAdev] [Bug 777] tests to find hand-written HTML;
Re: [ILUG] windows users accessing cvs...;
Whatever-Dude.com Needs $300 Quick to Get Their Freed from their ISP;
asynchronous I/O (was Re: Gasp!);
For user hibody: get -75% to all prices. preserving mostly in;
Re: The future of "nv" driver (was: Linux compatible mainboards-another thought);
Shelley Powers raises some interesting questions re whether RDFhas a place;
Re: Electric car an Edsel...;
Feedback from my posting about FogBUGZ Setup fell into fourcategories. *;
[Lockergnome Webmaster Weekly]  Compatible Whistles;
Solutions for ero-exploits;
Right-wing governments 'increase suicide rates';
Re: whoa;
[zzzzteana] Hit a Bigfoot in Maine?  You own it!;
Re: Adult Classifieds;
can't switch to dash as default shell;
Re: [SAtalk] CONFIDENTIAL;
[SPAM]  Damn you, answer me;
No CORE DUMP.;
hibody@csmining.org Discount 90521;
Your Membership Community & Commentary, 08-03-01;
Re: Server certificate has expired;
[zzzzteana] Meaningful sentences;
[SPAM]  Death of Oscar nominee;
Re: ALSA (almost) made easy;
Re: Automated forwarding;
[VulnWatch] Foundstone Labs Advisory - Information Leakage in Orinoco and Compaq Access Points;
TEEN LESBIAN WEBSITE;
Re: Comrade Communism (was Re: Crony Capitalism (was RE: sed/s/United States/Roman Empire/g));
Re: 64-bit netbooks with Debian linux;
Re: [SAtalk] Microsoft developer newsletter tagged as spam;
Mr. hibody, you can get your -80% coupon online ojidakyhu;
Re: 64 bit-flash failing sites (was: What to choose for Core i5 64 bits?);
Re: [Webdev] mod_usertrack;
Re: NYTimes.com Article: Why We're So Nice: We're Wired to Cooperate;
Re: Fwd: Re: Kde 3.5 ...;
Re: how to control tty to external monitor or local lcd;
CNET NEWS.COM: Canning spam without eating up real mail;
RDF redux;
Re: [IIU] IE nameserver problems;
Re: [volatile] Updated clamav-related packages available fortesting;
please see thanks aFTkNqJnKdMfZNDBHkLgjixDM2Z;
Re: [ILUG] removing lilo;
Re: East Asian fonts in Lenny;
** You're -Approved-!;
Re: [OT] Home UPS (was  Filesystem recommendations);
[ILUG] Training in Ireland ?;
Re: Goodbye Global Warming;
Re: [asterisk-users] Asterisk in Debian/Lenny withoutJunghanns.net support?;
Re: Why are there no latest books written for Debian systems?;
Re: How to trick my Debian in thinking that a package is not installed;
Re: [SAtalk] From: and To: are my address;
Sale invite for hibody! Save 75% its in all;
Re: Battery monitor tools?;
Alternative to dhcp?;
latest php upgrade in 7.3;
Re: [SAtalk] Graphics-only spam?;
Plans for cable;
[SPAM]  Ideal holiday plan;
Clean your Bad Credit ONLINE?                      14010;
[SECURITY] [DSA 2040-1] New squidguard packages fix several vulnerabilities;
Buy Ryanair Travel Insurance Today;
Failed mail: Banned or potentially offensive material;
Highest Concentration of Pure Human Pheromone            OVDKSPCR;
Movie Quiz;
Blair attacks new culture of cynicism;
[SPAM]  Default keys;
[ILUG] STOP THE MLM INSANITY;
Re: Filesystem recommendations;
RE: Recommended Viewing;
[SPAM]  Dear hibody@csmining.org 79% 0FF on Pfizer !;
You're Invited!;
CBS News' interview w/Bush & reconstruction of his peregrinations;
Maintenance Tracking/Scheduling Software, $1495;
Re: [ILUG] RH7.3 on Cobalt - the saga continues;
Re: Trying to install Google Earth on Lenny.  How on earth??????;
Re: Java graphicsgeneration on Mac servers without graphicshardware ;
Re: [ILUG] One Command -- Four Types;
Re: recompiling the kernel with a different version name;
My dear hibody, pay 82% less acua;
Re: Esperanto;
Re: Oddity ?;
Re: Fwd: Re: Kde 3.5 ...;
Configuration errors using tor, privoxy & polipo;
MBA the hottest most sought after degree.;
[spam] [SPAM]  quality replicas;
Re: problems with apt update;
[spam] [SPAM]  For excellent metabolism;
using samba with unix acls;
Bust support you can wear with any outfit or dress ;
Discover InfoByTel Today!;
Your Paycheck!;
[SPAM]  Did you forget?;
[Spambayes] test sets?;
Cost-Effective MLM/Bizop Phone-Screened Leads;
Like Raphael, Giorg;
[SPAM]  Fight the high prices of designer watches. ;
Re: ALSA (almost) made easy;
[Razor-users] Exit.status =13 ?;
I'm on TV tonight;
NTK Now, 2002-08-30;
Re: Increasing number of conflicts;
Re: Re[3]: Selling Wedded Bliss (was Re: Ouch...);
Re: [VoID] a new low on the personals tip...;
RE: dylsexics of the wrold, untie!;
Re: Hptalx is buggy once calculator is plugged and linked;
Re: Java is for kiddies;
Re: CD player UI for toddlers;
Re: howto setup my own wikipedia site;
Harvest lots of E-mail addresses quickly !;
Re: How to run an X program as a different user?;
[SPAM]  If you really want to make your lover like you!;
Re: Migrate OS to smaller drive?;
Re: kde-core list should be updated (live-helper);
buy viagra impotence medicine online and be ready for the next time to have better sex! pshqgy ge9t;
Re: Zoot apt/openssh & new DVD playing doc;
[spam] [SPAM]  Every mature person should have a decentwatch.;
Re: non-ASCII environment;
Re: Hurtage etc.;
Re: Temporary deconnection from the Internet when too much pagesare loaded;
Re: overcoming the 32k objects limit is ext3 - which file system touse?;
RE: [ILUG] SUSE 8 disks? (thread changed slightly);
[SPAM]  Disney movie debased;
Re: problems with 'apt-get -f install';
Personalize your Palm OS device;
Re: [SAdev] 2.40 RELEASE PROCESS: mass-check status, folks?;
Holidays are coming?;
To user hibody don't miss 83% discounts. the marine Australian parts;
Fred Grott: How to Keep RDF and RSS Straight.;
Re: [ILUG] replacement xircom dongle?;
Nominate for the degree you want.;
Re: PDF is blocked for printing, etc. OK for acroread (it behavesas expected), but KPDF allows me to print it, even if it is protected! Why?;
Underwater high-voltage photography;
[OT] Irish language (was Re: [ILUG] Fwd: Linux Beer Hike);
Re: New Sequences Window;
Re: Esperanto;
Problem with iwl3954 ;
Re: Should be easy;
Re: apt.freshrpms.net;
found a secret link   ADV;
[SPAM]  Dear hibody@csmining.org receive 80% OFF on Pfizer;
Re: Fwd: Re: Kde 3.5 ...;
Can't play 24bit/96kHz flac files;
[SPAM]  Dear hibody 75% 0FF on Pfizer.;
Re: NULL data from wmv with Flip4Mac - load delay?;
RE: [ILUG] SUSE 8 disks? (thread changed slightly);
The new trailer for the Lord of the Rings comes out today on AOLonly. AICN has the video for everyone else. AOL surrenders;
Limited Time Offer!;
Re: cannot type power of 1 or 2, 4-9 are typeable.;
Re: lilo removal in squeeze (or, "please test grub2");
[Spambayes] understanding high false negative rate;
Re: KDE 4.4.3 in unstable;
Strange behaviour: Scanner and Netbeans;
Re: OT: Script to add line to file if it doesn't exist;
Easy 30-50% Return and here's how..... 4674ewSq2-759CS-14;
Re: Secure Sofware Key;
watch over 290 GB full length movies here           QIIH;
Re: Re (5): xorg-server failing on IBM NetVista with Intel 82815video;
discounted motgages 4924161298765444333;
TRAMP Update;
-> IN THE NEWS TODAY <----;
Re: libc6 upgrade lenny to squeeze failed, now dpkg is broken;
Re: [VoID] a new low on the personals tip...;
RE: introductions;
Ground breaking post card creates annuity leads;
**urgent assistance**;
Looking for property in SPAIN?;
Re: [OT] Ubuntu vs Debian forums (was recompiling the kernel with a  different version name);
Re: automate updates in Lenny;
Jody H Sent You A Message;
Production Mini-plants in mobile containers. Co-investment Program;
Hey hibody tao, get 80 percent OFF;
[SPAM]  For my baby;
[use Perl] Stories for 2002-09-13;
Re: Kde 3.5 ...;
Re: acroread not seeing printers;
Re: Filesystem recommendations;
Re: NASA mindreading;
Re: Password messed up;
[Spambayes] Maybe change X-Spam-Disposition to something else... ;
Re: Authentication unsuccessful relaying from Postfix toMicrosoft ESMTP MAIL Service;
Re: Middle button click broken;
Easy as 123 - Accept Credit Cards...;
[SPAM]  Anchored in Office :(;
Re: [SAtalk] Too funny;
RE: Java is for kiddies;
[SPAM]  Re: Dr. Julieann 68% discount;
O melhor celular de pulso do mundo;
Market Can't Find Its Bottom With Both Hands;
Make your dick longer than the Great China Wall with Penis Enlargement rfdkqo 7b2t;
Native window not shown in JNI;
Re: libc6 upgrade lenny to squeeze failed, now dpkg is broken;
Re: Aptitude Error;
Re: executable won't execute;
Re: Debian+KDE 4.4.3 kplayer;
QOTD: Cigarettes, fast food, beer.;
Re: Fwd: Re: Kde 3.5 ...;
Re: [ILUG] CVS question?;
Police pay damages to journalist;
Mac OS X browsers;
Re: kvm disk read error;
FUTURE GOALS;
Is acroread blind, or ps2pdf dangerous?;
Re: [ILUG] expanding a string multiple times;
[SPAM]  Invite #1230065;
Re: revocation of grlygrl201@;
M o n e y   J u d g e m e n t s            NNROYKI;
MSN 8.0 on deck and on a roll, CyberSLAPPs explained (CNET INTERNET SERVICES);
=?iso-8859-1?B?W1NQQU1dIA==?= =?iso-8859-1?B?Rm9yIGV4Y2VsbGVudCBtZXRhYm9saXNt?=;
RE: Can't read DVD;
Scripting gnome-panels;
Hello, dear hibody. 80% discounts. to;
re. 6.29% Fixed Rate - Free Instant Quote 30127;
Re: use new apt to do null to RH8 upgrade?;
Re: RH 8 no DMA for DVD drive;
[SPAM]  Card validation;
=?iso-8859-1?B?SXQnc6BUaW1loHRvoEludmVzdKB5b3VyoFdheQ==?=;
Re: Is acroread blind, or ps2pdf dangerous?;
Find your old school mates;
Securing multiple virtual hosts;
RE: Java is for kiddies;
Re: [ILUG] 3c509 & 2.4.19 problems;
[SPAM]  Your Mailsize Require Upgrade;
Special offer for hibody, 80% better price;
Re: upgrade from lenny to sid with kde installed (second attempt);
[scoop] CEVIRI YAZILIMLARI;
Re: Selling Wedded Bliss (was Re: Ouch...);
Welcome, hibody. 75% cut prices ytusoa;
[SPAM]  My goodness, where are you?;
[SPAM]  Dear hibody@csmining.org receive 80% OFF on Pfizer;
Mr. hibody 80% Off on all products;
Re: Migrate OS to smaller drive?;
Re: [ILUG] Fwd: Linux Beer Hike;
[SPAM]  Today's discounts for hibody. 79% discountedprices. Though vomiting of yet commonly;
[SPAM]  Member hibody@csmining.org get 80% 0FF on ALL Pfizer.;
Re: Joke;
Re: [Spambayes] Current version;
Re: Computational Recreations;
FORTUNE 500 COMPANY HIRING, AT HOME REPS.;
NEWS.COM INVESTOR: Techs fall again with telecoms, Dow drops below 8K;
Re: Debian Sys Admin Training / Certification;
Re: Suspend to Disk + blacklisted module = still trouble;
Re: [ILUG] Installing lilo on another disk.;

[SPAM]  Unread items;
Re: Is there a workaround for bug #578937 [SOLVED];
discounted mortgage broker 1474322;
Re: How to Find a Printer Driver?;
Don't do the brown WiFi, the brown WiFi is BAD;
taint.org;
Re: gentoo 0.11.31 relased...;
[use Perl] Stories for 2002-08-20;
Re: installing Lenny packages in Squeeze;
Re: [SAtalk] Reporting....;
[SPAM]  John's yahoo email;
Re: [zzzzteana] Illusionist emerges after 24 hours underwater;
Looks like Google did a deal to index the NY Times. If you dothis news sea;
Re: sed /s/United States/Roman Empire/g;
[spam] =?iso-8859-1?B?W1NQQU1dIA==?==?iso-8859-1?B?SGl0IG9mIHRoZSBjaG9sZXN0ZXJvbCBsb3dlcmluZw==?=;
Re: Protocol implementation in category;
Re: nvidia legacy driver//kernel 2.6.32 issues;
New Solar System body revealed;
Re: Retrieve hardware and modules info..;
[scoop] BiLiYORUZ REKLAMA iHTiYACINIZ VAR! BUNUN iCiN BURADAYIZ.. 24.07.2002 15:57:41;
Hey, hibody, 80% off, Final Sale Aot;

Re: Zoot apt/openssh & new DVD playing doc;
Netbeans Hang ;
Re: Oddity ?;
Jumpy video after KDE 4.4 upgrade in Squeeze;
Re: broken url;
[ILUG] [OT]:Bill Gates in Peru;
Your Daily Dilbert 07/10/2002;
< ADV > Exclusively, by Asiatravel.com;
Iraq Today Daily News - FREE Trial;
Re: upgrade from lenny to sid with kde installed (second attempt);
Americans are becoming more spiritual;
Re: [Razor-users] Stripping the SpamAssassin report;
Hosting from ?6.50 per month;
Get The BEST PRICE on Your Next CAR!;
Google? Not in China;
[Razor-users] Re: Can't call method "log" with SA/Razor2;
User hibody Buy on 76% cheaper price;
Re: Fwd: Re: Kde 3.5 ...;
ALSA (almost) made easy;
Re: Selling Wedded Bliss (was Re: Ouch...);
Hopes fade in Ulster crisis talks;
[SPAM]  Prove to be a real MAN!;
Re: Linux compatible mainboards -another thought;
Re: ActiveBuddy;
[use Perl] Headlines for 2002-10-08;
Re: Is acroread blind, or ps2pdf dangerous?;
[ILUG] Mutt reply hooks;
[zzzzteana] RE: Alexander;
[ILUG-Social] Need a Credit Card?;
Re: Debian+KDE 4.4.3 (i915 dual screen) (SOLVED);
Re: Signers weren't angry young men  (was: Java is for kiddies);
Re: Filesystem recommendations;
Hi, hibody! This is your coupon for -70%. aircraft largest of French;

Re: [Razor-users] Authentication Error;
business intent;
Re: Electric car an Edsel...;
funky kernel message from syslogd;
Re: debian-user-digest Digest V2010 #630;
digital voice recorders;
Re: [SAtalk] [OT] SpamAssassin figures...;
Re: What needs to improve in KDE 4?;
[SPAM]  About our secret;
Libby Sent You A Message;
Friend hibody, enter our shop Osocyla;
The Future of Continuing Education;
[SPAM]  Conclusion about you (anon);
** You're approved. **;
Re: [fwd: error exmh 2.5 07/13/2001 ];
Re: [SAdev] testing with less rules;
[spam] [SPAM]  jacob & co. watches;
For hibody, we cut prices to -80%;
Re: libc6 upgrade lenny to squeeze failed, now dpkg is broken;
LowestPrices Guaranteed on Flea and Tick Meds! ;
Re: Re(4): AUGD: Free Ride for Board Members?;
Re: [Razor-users] can't find Razor/Client.pm;
Re: ALSA Problem with Null kernel;
Call me                    05152;
We are Slashing our Term Rates!;
Re: Hi how to escaping under ` ` in sh;
Re: Changed location of incoming mail. exmh not working!!;
[spam] [SPAM]  Proud to tell you;
Low Price Tobacco;
Slim Factors - A totally new approach to weight loss;
[SA] High Returns, Safe Investment! 20% Monthly!;
[NOVICE] pl/pgsql and returns timestamp type;
[spam] [SPAM]  VIP;
~~ 80 to 95% BELOW WHOLESALE              28534;
updated weblogs from blo.gs;
Don't you need your device to be ready for girls every time you want it?;
Is Your Family Protected?;
FYI - gone this weekend;
Prob. w/ install/uninstall;
Close 90% of Your Prospects;
Prescriptions Without Doctors Appointment!!;
[use Perl] Stories for 2002-08-10;
Configuring mga-vid;
[SPAM]  SMS online service;
OT - Backup of HA server on external drive;
Re: Lawsuit Information regarding Reglan ;
Re: Java is for kiddies;
Get Paid For What You Know                         18436;
Re: [ILUG] Fwd: Linux Beer Hike;
The Government Grants You $25,000!;
Re: Xorg and cpu usage;
Hello, dear hibody. 80% discounts. the industry electron simplified the;
silverlight;
Re: only output the nth line;
Re: debuild of evolution-data-server fails;
Re: Lenny - GNOME FTP Connect To Server;
Re: The Curse of India's Socialism;
Low Cost High Rated Insurance. Why Pay More?;
Giant Congo hydroelectric project is a 'betrayal';
Re: [SAtalk] 2.40 RELEASE: oops -- newer freqs.;
Hit the Hotspots;
Re: [SAtalk] where can I find the Habeas patent (application)?;
Re: Submitting my Java Web Start application to Apple downloads;
Exclusively for hibody, -80%;
Re: exmh bug?;
New $199 PC Doesn't Do Windows;
Re: Correct way to (re)compile a kernel on Debian Sid;
Re: [SAtalk] SA very slow (hangs?) on this message, or is it just me?;
Re: About USB hard drives and errors;
Re: Linking message [was: Re: Patch to complete a change...];
Teen dies of starvation after stepfather puts him on a bus andtells him to find his real father;
Re: New Clamav-daemon Error;
Re: creating tables...html;
Financial Opportunity [6bftc];
Carcooning;
Re: From salon.com - Forbidden thoughts about 9/11;
Re: Zoot apt/openssh & new DVD playing doc;
Automated forwarding;
Hello, hibody. 80% off till July yei;
Re: Stupid Idea Series: excreta & emigration [Re: The great FEE];
[spam] [SPAM]  Making ppeople happy;
Re[2]: Selling Wedded Bliss (was Re: Ouch...);
Re: Flash is open?;
Re: Java is for kiddies;
Re: [OT] Ubuntu vs Debian forums (was recompiling the kernel with adifferent version name);
GET OVER $500 CASH in 2 minutes!!!;
Sorry they were in a meeting;
Re: recompiling the kernel with a different version name;
Hi Janet, are you going to call me?                     FQXWEE;
Re: [ILUG] Secure remote file access;
;
[ILUG-Social] my webcam is on babe!;
Minimize your phone expenses;
[zzzzteana] Surfing the tube;
Re: The case for spam;
RE: [Razor-users] What's wrong with the Razor servers now?;
Re: [SAdev] fully-public corpus of mail available;
Re: apt and a hybrid system;

No Cost Out Of Pocket: REFI 5189ssQW0-729B-13;
Harvest lots of E-mail addresses quickly !;
boot Debian on a RouterStation Pro;
Government Guarantees Your Success;
[SPAM]  My method;
[spam] [SPAM]  Earn $50 - $250 hourly!;
[spam] =?iso-8859-1?B?W1NQQU1dIA==?==?iso-8859-1?B?TWFrZSB5b3VyIGltbXVuaXR5IHlvdXIgYXJtb3I=?=;
Re: PDF is blocked for printing, etc. OK for acroread (it behavesas expected), but KPDF allows me to print it, even if it is protected! Why?;
RE: [ILUG] Fwd: Linux Beer Hike;
Re: overcoming the 32k objects limit is ext3 - which file system touse?;
Automotive software Easter Egg discovered;
RE: [Samba] how to mount shares as a user without mount.cifs setuid;
Re: New Sequences Window;
Re: downloaded .jnlp won't open;
Speaking in Texas this Friday;
cross-platform development;
[OT] Re: Jobs: Thoughts on Java;
[SPAM]  Attention;
Re: XQuartz 2.5.0_rc2;
Re: Avandia Drug has serious side effects;
Our Medz 4Less;
Re: [ILUG] Sparc Solaris (was: Dell GX260 V Redhat 7.3);
RE: Recommended Viewing;
Irish Internet Users post from yyyycc@hackwatch.com requires approval;
Re: http://apt.nixia.no/;
*Do Your Butt, Hips And Thighs Embarrass You?*;
From Michael  bantu;
Plans for new youth units blocked;
Loading a QTMovie when there is no graphical login;
Start Your Private Photo Album Online!                             13.200;
Re: Gecko adhesion finally sussed.;
Re: Entrepreneurs;
Your Daily Dilbert 07/11/2002;
RE: [ILUG] slashdot EW Dijkstra humor;
~Beautiful,Custom Websites $359 Complete! (or yours re-designed) (6320cUmF1-704zRjD7955@20);
This week: Rhapsody rules;
[SACVS] CVS: spamassassin/masses evolve.cxx,1.28,NONE;
[SPAM]  Lots of stars exposed;
Re: The GOv gets tough on Net Users.....er Pirates..;
Mr. hibody 80% Off on all products;
11th Convergence India 2003 exhibition & conference;
New, easy to use web conferencing software;
Re: Fwd: Re: Kde 3.5 ...;
Re: Patch to complete a change...;
Re: KDE 4.4.3 in unstable;
Re: [ILUG] converting strings of hex to ascii;
Your Membership Community & Commentary, 07-27-01;
Delete your Bad Credit Online!                   1471;
Re: xine cannot play DVDs - "liba52: a52_block error";
Re: auto mounting a partition with nobrowse;
Re: KDE 4.4.3 upgrade eats 141 MB of /home;
Attn: NORTON SYSTEMWORKS CLEARANCE SALE_ONLY $29.99!                  Y;
Re: Epiphany browser continues to get worse and worse;
IMF shores up debt defences;
Iraq invasion could 'worsen terrorist threat';
Kissinger;
Re: AUGD: Have You Thanked Your Volunteers?;
[Lockergnome Apple Core]  Skip Content;
UFOs in the Sky!;
[SPAM]  USA Pharmacy Best Sales 2010!;
[use Perl] Stories for 2002-09-19;
Re: Mossberg on 'ChoiceMail': "In my tests, it cut my spam to zero.";
You Won $30 Dollars !;
Attn: How about being a few pounds lighter?OLIBYKN;
Re: TOra with Oracle support (was: Re: Kde 3.5 ...);
Re: New Sequences Window;
[Razor-users] problems with hubris and/or discovery;
DNA match brings breakthrough;
Re: Ringing bell on other computer;
Re: dash-as-bin-sh;
Re: news be;
Re: Entrepreneurs;
Best Life Insurance, Lowest Cost...           NTICY;
Facts about sex.;
Delivery note;
Dear client, hibody find 80% OFF on Pfizer products;
Shooting from the Hip: An Interview with Hip Tanaka;
AUGD: InfoManager for Monday, April 26, 2010;
kde-core list should be updated (live-helper);
Re: [ILUG] postfix;
sylpheed-claws;
Friend hibody, enter our shop Turowyp;
Re: PDF grief - was Re: Flash is open?;
Financial Power You Can Depend On;
Re: Problem with me Modem Huawei on Debian Lenny;
How Microsoft plans to take over your living room [ANCHORDESK];
Re: Fwd: Re: Kde 3.5 ...;
[SPAM]  Post-memorial day;
debian lenny support time;
Re: About USB hard drives and errors;
Re: RSA (repost);
Re: bad focus/click behaviours;
JFormattedTextField backspace issue in 6u20 + 5u24;
Re: K3B;
Still looking for a house?;
[spam] [SPAM]  oyster perpetual cosmograph daytona;
Sonya Sent You A Message;
iSilo announcements (August 15, 2002);
Your Credit-Scores have been Updated;
***= Only now, hibody! 84% off Cheaper than before =***;
Re: Filesystem recommendations;
Gecko adhesion finally sussed.;
apt-get dist-update failure - can't boot;
[SPAM]  Look at photo I attached! Cute?;
NYTimes.com Article: Stop Those Presses! Blonds, It Seems, WillSurvive After All;
Re: Prob. w/ install/uninstall;
[SPAM]  MySpace features;
Wired: "An urgent business proposition and requests for urgentassistance f;
Re: advice on 7.3.92 to 7.3.93, and Apt compiling (oh joy);
RE: [Razor-users] spamassassin+razor2;
STOP THE MLM INSANITY!;
Re: Selling Wedded Bliss (was Re: Ouch...);
Re: backup apt tree?;
[Razor-users] Razor2 error: can't find "new";
Re: where is what kontrol did?;
Re: Issue between KDE 4.x;
Re: [OT] Ubuntu vs Debian forums (was recompiling the kernel with adifferent version name);
RE: Al'Qaeda's fantasy ideology: Policy Review no. 114;
Re: [ILUG] socket latency query;
Did you hear about EUOK;
Re: Holidays for freshrpms.net :-);
Re: [Razor-users] Razor with sendmail;
Re: Secure Sofware Key;
[use Perl] Stories for 2002-08-30;
Re: [SAdev] results of scorer evaluation;
(SPAM? 08.00) lists.sourceforge.net mailing list memberships reminder;
Incredible Pictures!!!!!!!!;
Re: Cyrus 2.2 imapd in AMD64;
Try It Free Before You  Buy!;
April Discount ID96901;
Re: Bluetooth and runloops in a dedicated thread.;
Re: How to keep debian current??;
Brown budget plans in disarray;
ACDSee Pro 2.5  $49.95;
[ILUG] Want to play poker with other people online.;
Dear hibody HOT 79% OFF;
Dear hibody, Order on-line, save 80%;
Play by Play: Effective Memory Management;
Re: 10.6 Update 2 crashing IDEA on pasting code;
Broadband ISPs wise up to wireless, defend (or don't) against hackers (CNET INTERNET SERVICES);
Re: Another low probability event;
Re: The GOv gets tough on Net Users.....er Pirates..;
Re: passwordless ssh root logins stopped working after testingdist-upgrade;
Best prices for hibody. You save 77%. similar of;
Re: [zzzzteana] Secondhand books online;
Hey, hibody 82% for you Eveupia;
Hey hibody, get 80 percent OFF;
We Dare You to Find a Better Annuity;
Attn: Buying ink online is the way to go!           12083;
Re: pinentry window?;
Commissions Too High to Publish;
Re: KDE Issues under "Squeeze";
[SPAM]  Dear hibody@csmining.org 79% 0FF on Pfizer !;
Mr. hibody, you can get your -80% coupon online ocakepix;
You can gain from lowest interest rates in 30 years;
Re: gentoo 0.11.31 released...;
The "Business-Owner Friendly" Pension Plan;
[SPAM]  For  hibody@csmining.org;
[SPAM]  hibody Winter -80% Deals;
Content management for MP3s;
ADV: Life Insurance - Pennies a day! -- FREE Quote djdam;
Re: overcoming the 32k objects limit is ext3 - which file system to use?;
Re: [Razor-users] Stripping the SpamAssassin report;
Your NEW "Leg-Up" on Wall Street...;
Re: boycotting yahoo;
[SPAM]  Visitor hibody's personal 80% OFF;
[SAdev] [Bug 886] Add a rule to detect Content-type message/partial;
CNET Cool Gear: Find the right cordless phone;
Ximian apt repos?;
Re: KDE 4.4.3 in unstable;
Huge Profits/Prepaid In Advance/Secret Tool 7531;
RDF redux;
Re: [Razor-users] Re: What's wrong with the Razor servers now?;
Re: AUGD: Re: PR Mailing Lists;
dave,Hi,, extra Low price inkjet cartridges joi;
Re: Flash is open?;
Re:[1]Save over $70 on this exquisite software suite. FTS;
[use Perl] Headlines for 2002-10-03;
HIZLI & SINIRSIZ sex ;
[SPAM]  Fast and simple way to drop kilos and gain good health.;
your facebook !;
GOV'T GUARANTEED HOME BUSINESS;
**urgent assistance**;
Re: DVD+RW tools available (Was: Re: How to add service port ?);
[SPAM]  only now sorry;
Re: bad focus/click behaviours;
Sidekick, your mobile blogging pal;
Re: Java Sound Api Status?;
MIT OpenCourseWare;
Dawn raids stoke fires of resentment;
Adult Photos, Movies, Chat, Videos, Cams, Games and More. It's FREE...;
Friend hibody, enter our shop Uorezimu;
On The Way to Telluride, On My Way Back to the World;
Re: Gstreamer Repository;
[SAdev] [Bug 1046] Errors from 'perl Makefile.PL';
New iBooks and PowerBooks;
Re: supporting Get Info "Locked" checkbox in a file system driver;
[zzzzteana] Daft crimes etc;
Re: help for a new user;
Cheap Viagra;
Re: Nessus?;
Something EVERY Business Needs! [wxv4m];
[spam] =?windows-1251?B?W1NQQU1dIA==?==?windows-1251?B?RXhxdWlzaXRlIFJlcGxpY2E=?=;
[use Perl] Headlines for 2002-09-18;
Re: Don't be too quick to assume that -XX:+UseCompressedOops is agood 	thing;
Re: Making onscreen fonts read-able[was:New monitor, how to changescreen resolution?];
Re: how to setup my environment variable for vim ?;
Postfix, SASL and LDAPDB;
Want more money? [farea];
Look 10 Years Younger-FREE SAMPLE !!!!!!!! esoy;
RE: Any file details on an executable binary file?;
Sequence Grabber and Movie Sync - Recording starts earlier;
apt.conf suggestion;
John Robb has an interesting perspective on trust-based,targetted advertis;
[SPAM]  Answers on quiz;
[spam] [SPAM]  Franck Muller Watches;
Re: Re: OT: Script to add line to file if it doesn't exist;
Filter Film Capacitor;
[zzzzteana] Re: Latest Iraq-related news;
Re: Icedove always loads Epiphany when URL is clicked;
[Razor-users] Fun Uses of Razored Mail;
John Robb: "Yesterday, AT&T upgraded my cable box to a digitalsystem.";
New Clamav-daemon Error;
Re: advice on 7.3.92 to 7.3.93, and Apt compiling;
[SPAM]  Defend PirateBay!;
Promote Your Business;
[SPAM]  Marvellous! Tits of Beyonce;
Mortgage Information For You!........;
Re: New Sequences Window;
[SPAM]  Dont let your intimate life turn into disaster.;

Audible bell in Metacity;
Re: Java is for kiddies;
[ILUG] Create a PAYCHECK with your COMPUTER and Enjoy Cheap ISP & shopping Discount.;
Sourceforge sells out;
QuickTime News: July 26, 2002;
Re: AUGD: Displaying iPad at a meeting, what doesn't work;
Re: Unable to connect to my home wireless;
Re: Hi! I'm new here.;
Re: New Sequences Window;
RE: [ILUG] slashdot EW Dijkstra humor;
Your salary changed;
Re: "Ouch. Ouch. Ouch. Ouch. Ouch...."(was Re: My brain hurts);
America's great misleader;
Re: Anybody know what this is all about?  [Re: Anacron job 'cron.weekly' on whitemac];
[SPAM]  Photos of Exposed Pink;
Re: request ?;
[SPAM]  Re: Personal 73% discount. Tracking number # TR8835919;
[use Perl] Stories for 2002-10-01;
Incredible Cash Generating System!!!,;
[SPAM]  Dear hibody@csmining.org receive 80% OFF on Pfizer;
Security update for Debian Testing - 2010-05-04;
Re: Questions about RAID 6;
It's real important that you call...;
Re: [SAtalk] Lotus Notes users?;
Re: [ILUG] LCD monitors and linux;
Re: Entrepreneurs;
Re: [ILUG] Retrieving read mail from webmail.eircom.net via POP ?;
Re: A moment of silence for the First Amendment (fwd);
Re: Selling Wedded Bliss (was Re: Ouch...);
Re: executable won't execute;
CNET: Why I don't use firewalls;
[VUA 63-1] Updated python-clamav version;
Re: xorg-server failing on IBM NetVista with Intel 82815 video wasRe (6): Re^n: Grub vs. linux-image-2.6.32 conundrum;
Always do a full backup first [Re: Broken dependencies];
Tell Me Where to Send Your Health Card;
[spam] [SPAM]  Check out our best seller watches;
Liberation: Les jouebs, stars editoriales du Web.;
RE: iptables..WTF???;
Hey, hibody tao 80% for you Ofokoyqun;

Re: Shutdown problem -- cron job related?;
[SACVS] CVS: spamassassin MANIFEST,1.100.2.11,1.100.2.12;
Re: The GOv gets tough on Net Users.....er Pirates..;
[Solved] xorg synaptics driver no longer working with udev?;
Re: EBusiness Webforms: cluetrain has left the station;
Promises.;
[zzzzteana] FWD [UASR][TheHickmanReport] Jets Attempt to Intercept 'Contrail';
Google Domain Suffix Census;
[SPAM]  Look and enjoy!;
[Razor-users] problems with hubris and/or discovery;
Suspend to Disk + blacklisted module = still trouble;
Re: Fwd: Re: Kde 3.5 ...;
Save now Refinancing;
Get Out of Debt Fast                         29521;
[Spambayes] understanding high false negative rate;
RE: Re[2]: A moment of silence for the First Amendment (fwd);
Re: bad focus/click behaviours;
Re: Put date on log file names?;
Keeping up with The Sims: Managing Large Scale Game ContentProduction;
Webex Endeavors;
(PGP problem) EXMH hangs during 'Query keyserver';
Dear hibody@csmining.org receive 80% OFF on Pfizer;
[spam] Rip, burn and convert your DVD and audio - bestselling DVD Ripper suite almost 50% off;
For hibody tao: Everything at -79%. classical laborers;
Automated Installation - Copy files from CD?;
Re: Questions about RAID 6;
Aldebaran's Spring Special Offer;
Re: gnome panel tray icons transparancy;
[Spambayes] spambayes package?;
RE: Liberalism in America;
Re: What to choose for Core i5 64 bits?;
Re: Asteroids anyone ?;
[SPAM]  Mailbox limit reached;
Re: [Razor-users] "No razor servers available at this time";
[Razor-users] unable to connect to ubik or apt;
BadAtom X11 Error with fpGUI;
Your application is below. Expires July 27.;
Best news yet;
Re: installing Lenny packages in Squeeze;
Self-denial of the literary sort;
[SAdev] [Bug 1053] IMG tag based rules;
-BuyVlaqra online, Fast Secure Anonymous Accept all credit card types, worldwide shipping, NoPrescription needed ockin 8b;
The only medically proven way to lose weight... DHF84Z8F;
Re: problems with 'apt-get -f install';
[SPAM]  Free subscription time expired;
=?koi8-r?B?W1NQQU1dIA==?= =?koi8-r?B?RG9uknQgTWlzcyBZb3VyIENoYW5jZSBGb3IgQ2hlYXAgU29mdC4=?=;
NEWS.COM INVESTOR: Techs gain on Intel, Motorola news;
http://www.efi.ie/;
Obtain diploma degree;
[SPAM]  Catch you =);
MovieAudioExtractionFillBuffer calling exit?;
Remeber me?;
I just put my webcam on 4u hunnie=);
Blessing People;
Re (4): Re^n: Grub vs. linux-image-2.6.32 conundrum;
Perl programmers are so cute;
Protect your investment with extended car coverage;
Re: dylsexics of the wrold, untie!;
Security update for Debian Testing - 2010-05-01;
Re: Moving to Debian: updated software;
Re: gentoo 0.11.31 released...;
[spam] =?windows-1251?B?W1NQQU1dIA==?==?windows-1251?B?UmVwbGljYSB3YXRjaGVzLCBiYWdzLCBwZW5z?=;
I thought it was important          YMF;
[SPAM]  Dear hibody@csmining.org receive 80% OFF on Pfizer;
Senators threaten to rein in Bush;
Re: How to flush cache of certain disk?;
Re: Debian And Advanced Layer3 9924T;
[ILUG] veritas backup on linux ?;
Home Pages for Computer Scientists;
RE: MIT OpenCourseWare;
http://apt.nixia.no/;
Dear hibody Extreme 82% discounts;
Want to play poker with other people online.;
[Spambayes] test sets?;
Re: 64-bit netbooks with Debian linux;
Re: X freezes with 2.6.32-5 okay with 2.6.26-2;
[SPAM]  Is that you? Found u by surname;
Re: debian on a raid5 (4TB) issues;
repeated ATA errors debian lenny;
British dossier on Iraqi weapons released;
Re: ALSA Problem with Null kernel;
[SAdev] Spam-Assassin nightly build 22-8-02;
Problems with xosd-xmms;
Re: Keyboard gets stuck when closing PPP;
Re: K3B;
customising FTOC display for specific folders...;
Hottest babes!                                                       4139YAEk3--9;
[SPAM]  Stars' twats in focus;
[SPAM]  Order the murder;
Save up to 50% on laser printer, copier, and fax cartridges.;
=?big5?Q?re:=B7Q=ADn=ADP=B4I,=A7A=C1=D9=ADn=B5=A5=A6h=A4[?=;
Re: Don't be too quick to assume that -XX:+UseCompressedOops is agood thing;
Re: KDE unable to play complete K3B .wav files;
[SAtalk] spamd can't find...;
Info for hibody: 70% lowered prices today;
Sourceforge sells out;
Re: VM software for personal use?;
[ILUG] Tracking NFS users;
[SPAM]  Shocking street fights vid;
RE: Java is for kiddies;
Tate unveils its biggest work;
Re: Kde 3.5 ...;
'Stay on to 70' call grows;
Festival of discounts, hibody! Up to 70% off Wudyte;
[SAtalk] **urgent assistance**;
Cost price Guinness, Budweiser and selected spirits at tesco.ie;
The History of Medicine;
=?koi8-r?B?W1NQQU1dIA==?= =?koi8-r?B?V2UgZGVsaXZlciBxdWFsaXR5IHNvZnR3YXJlIHdvcmxkd2lkZSCWIG5v?= =?koi8-r?B?IG1hdHRlciB3aGVyZSB5b3UgYXJlLiA=?=;
Re: KDE 4.4.3 in unstable;
Oil set to be pumped from blazing ship;
Visit us hibody 85% Lower Prices Tonight;
JPEGs patented;
Re: Forged whitelist spam;
CD player UI for toddlers;
Want it? Give;
[use Perl] Headlines for 2002-09-17;
Re: RealNames ceases trading;
User hibody ordering today - getting 80% off Xyzyg;
Re: Amarok's Issues;
Re: PDF is blocked for printing, etc. OK for acroread (it behavesas expected), but KPDF allows me to print it, even if it is	protected! Why?;
Re: Hanson's Sept 11 message in the National Review;
REQ: Beast/BSE;
Encryption approach to secure web applications;
The World Most Effective PenisLonger Pill Is Now Available! ivm 4xum;
yyyy,Do You Know the HGH Differences ?;
Re: ALSA (almost) made easy (gamix rocks);
Re: VM software for personal use?;
[SPAM]  No restrictions in lovemaking;
Re: PDF is blocked for printing, etc. OK for acroread (it behavesas expected), but KPDF allows me to print it, even if it is protected!Why?;
Farker Chakalasp dares you to Photoshop him;
What needs to improve in KDE 4?;
Re: [volatile] Updated clamav-related packages available fortesting;
[Razor-users] Bug?;
John Robb: "Yesterday, AT&T upgraded my cable box to a digitalsystem.";
[SPAM]  Special offer hibody@csmining.org receive 70% OFF on Pfizer.;
For hibody. Get 70% off today. commissioned syntactical;
Re: md does a monthly resync??  (was Re: Questions about RAID 6);
Is ANY of this stuff TRUE?!?!;
We're trying to decide if FogBUGZ 3.0 should support customfields. Histor;
Mother's Day Flowers from $19.99;
[SPAM]  I will chase you;
Re: [SAtalk] Re: SA In The News;
[SPAM]  Money-making portal;
Re: [ILUG] adsl router modem combo;
Re: The future of "nv" driver;
hibody@csmining.org New Arrivals 9872;
Re: bad DCC traffic from e-corp.net;
Get $100 Free - Beat the House at Royal Vegas!;
Never be tangled up in yard work again!;
Re: Electric car an Edsel...;
Re[6]: A moment of silence for the First Amendment (fwd);
[Spambayes] Current histograms;
MiniNTK 2002-08-16;
Re: Iceweasel/FF makes the embedded videos going 4 times fasterwhen it bugs!;
Some Quickies.  Lots of 'em.  Something for everyone.;
Re (2): lilo removal in squeeze (or, "please test grub2");
RE: Re[2]: Goodbye Global Warming;
Security update for Debian Testing - 2010-04-23;
Re: [ILUG] mini-itx;
[SPAM]  Looking for the better costs in discount meds?;
Hoag's Object;
Get Hundreds Of Fresh Leads via email !!!;
[SPAM]  If you don't pass+;
[spam] [SPAM]  Worldwide delivery instantly to your home;
ru stupid;
Looking for a second MORTGAGE?               11925;
Re: [SAtalk] PerMsgStatus.pm error?;
Re: 2.6.32-3 does not recognize PATA WD disk...;
Improve Mental Clarity, Focus, and Concentration;
Your Daily Dilbert 07/17/2002;
Entrepreneurs;
Re: Hanson's Sept 11 message in the National Review;
[SAtalk] Test spam;
Re: ldconfig: /usr/lib/libwins.so is not an ELF file - it has thewrong magic bytes at the start;
Re: Compositing two movies;
Discounts for you, hibody! Save at least 70% the the;
Re: Need help installing an "alternative";
[SPAM]  re ago may;
Re: differences between NSWorkspace unmountAndEjectDeviceAtURL andunmountAndEjectDeviceAtPath;
[SPAM]  Invalid email;
Mac OS X browsers;
earthviewer apps Re: whoa;
Automating xmodmap keymaps;
Nationwide predicts 23% house price rise;
Re: [ILUG] Serial number in hosts file;
xine cannot play DVDs - "liba52: a52_block error";
[SPAM]  For: hibody@csmining.org;
Re: pygrub is failing to boot centos domu on Debian lenny dom0;
The Semantic Web makes me sick;
This little domain went to China....;

Re: plans for basket;
Re: Aptitude Error;
Re: lenny-volatile updates for clamav-related packages;
Re: Folder computed replcomps (and replgroupcomps;
[scoop] Haberdar olun;
$10 a hour for watching e-mmercials! No joke!;
HTTP: The Definitive Guide;
The Inflation Fighter;
Re: reportug;
[SPAM]  Valued customer hibody@csmining.org 80% OFF on Pfizer.;
Re: Dual channel memory question;
Re: ARRRGHHH Had GPG working, now it doesnt.;
[SPAM]  Dear hibody 75% 0FF on Pfizer.;
Re: [Razor-users] What's wrong with the Razor servers now?;
Re: my movies don't idle;
Re: Bash script - pass command line arg to embedded sed scriptwith multiple args;
Re: Middle button click broken;
RE: <nettime> The War Prayer;
Guaranteed to lose 10-12 lbs in 30 days                          11.150;
RE: The absurdities of life.;
[SAdev] [Bug 1052] bondedsender.com is a scam;
Announcing Herbal Smoking Alternatives;
Re: How to manage multiple Internet connections?;
Re: Epiphany browser continues to get worse and worse;
Dear hibody, your 78% off voucher is here Lofyjacy;
Dear Friend,;
Re: backing up LVM volumes;
Record Low MORTGAGE rates! *Act Now*                    16533;
[SPAM]  Should've told me before;
Month by month, 'Most Beautiful Man' winners and their galleries. sfw;
Re: when building a rpm i386-redhat-linux- is appended to man page;
Hey hibody 80% OFF for you;
Re: Need help installing an "alternative";
MS/Apple: Can this marriage be saved? (I doubt it) [ANCHORDESK];
Hey, hibody 81% for you Diri;
QOTD: Inside me there's a thin woman screaming to get out...;
18cent long distance conference calls;
Rats' intestines and pigs' teeth;
Shader Integration: Merging Shading Technologies on the NintendoGamecube;
FORTUNE 500 WORK AT HOME REPS NEEDED!;
Your Online Prescription Source               I;
Re: cannot type power of 1 or 2, 4-9 are typeable.;
Re: Your Order;
FDA Warning for Paxil users ;
Re: Battery monitor tools?;
Re: Re (7): xorg-server failing on IBM NetVista with Intel 82815video;
[ILUG] ASSISTANCE;
Friend, Copy ANY DVD or Playstation Game with this software......;
Re: [SAtalk] Highest-scoring false positive;
Your First 100 Free Minutes of Long Distance! Your First 100 FreeMinutes of Long Distance!;
[SAdev] [Bug 1052] New: bondedsender.com is a scam;
Your prescription for success.;
[SPAM]  Personal 75% OFF to hibody@csmining.org. Pfizer.;
[ILUG] SUSE 8 disks?;
Embed code stopped working ?;
Private Label Reseller Hosting  -  Expires 9/30/2002;
For hibody,we return to -80% prices;
Man dies as whale lands on boat;
British dossier on Iraqi weapons released;
Re: Basic authorization not working on QuickTime X player OSStatuserror -128;
Bindings problem with current CVS code;
Sun Nabs Storage Startup - buys Pirus Networks;
Your NEW "Leg-Up" on Wall Street...;
Debian and touch-screens;
Re: [zzzzteana] Which Muppet Are You?;
The Money Control System;
Missing the Point;
Re: [Semi-OT] Accessing gmail from Python;
Copy/Paste .ps/.pdf often gives a `snippets' icon;
Re: Configuration errors using tor, privoxy & polipo;
[SPAM]  Behind your back;
eBay PowerSeller Secrets                         6826;
[ILUG] dial-on-demand;
Re: how to activate canbery;
[SPAM]  Address of a meeting;
Re: DataPower announces XML-in-silicon;
[SPAM]  Watch his mistake;
Learn How To Make $8,000 within 7-14 days! 3341iYjl5-964K-13;
Reg Headlines Monday July 15;
Re: Installing Sugar in testing;
CNN Headline News: To Blog or not to Blog.;
[SPAM]  Dear hibody 75% 0FF on Pfizer.;
InkandToner;
Curling videogame hits bigtime;
Reach millions on the internet!!;
[SPAM]  These girls are angels!;
Hoag's Object;
ADV: Low Cost Life Insurance -- FREE Quote aaqnf;
Re: A couple of nits...;
DVD stills;
[spam] [SPAM]  Info to client;
Your visitor passes;
Re: Hi how to escaping under ` ` in sh;
Re: http://apt.nixia.no/;
[SPAM]  Special 80% discount for customer hibody on all Pfizer;
TGE: Thugs of South Boston and The Revenge of the Bandit Princess;
Re: [SAdev] phew!;
RE: Java is for kiddies;
Re: The Wrong Business;
[SPAM]  Attention Counsel,;
[Spambayes] hammie.py vs. GBayes.py;
[SPAM]  Hello, new participant!;
Re: [ILUG] Backup solutions;
clit free;
Oh my...;
Show-and-tell nearly extinct because it might hurt children'sfeelings;
Grow Biologically Younger NOW ...5918899;
never a cent;
AUGD: The MUG Center Briefing: May 9, 2010;
Re: Aptitude Error;
Claim a Free $25 Kmart(R) Gift Card!;
[SPAM]  Coca-Cola kills;
Sunny Sent You A Message;
RE: Amarok's Issues;
Re: problems with 'apt-get -f install';
[Razor-users] Re: keep submitting known spam?;
Re: gforce 9400;
'Nasty party' warning to Tories;
[SPAM]  Final NHL scandal;
Checking Account update;
Brightness OSD in Squeeze;
Special Offer on Sears Roofing Solutions;
[ILUG] NFS slowness with SuSE 8.1;
Ehiogu fills the Ferdinand gap;
Re: acroread not seeing printers;
Re: [OT] Ubuntu vs Debian forums (was recompiling the kernel witha  different version name);
Pay your mortgage or rent every month for just $10.75;
Re: SF Weekly's Ultimate SF Date lineup :-);
Re: Problem with an rpm...;
Re: asynchronous I/O (was Re: Gasp!);
Xterm crashes when UTF-8 is enabled;
Notification to hibody special 80% OFF of Pfizer;
Re: cannot open EPS file with inkscape;
Re: Lite SMTP server/daemon;
Re: 64 bit-flash failing sites;
p2p is not a crime;
Re: Cannot login;
Re: How to keep debian current??;
Re: The case for spam;
Re: Anolther sequence related traceback;
FW: Your degree approved;
View More Pay Less;
Re: My Repository...;
RE: [ILUG] hard- vs. soft-links [was: How to copy some files ];
Re: Replies to the list;
Keeping up with The Sims: Managing Large Scale Game ContentProduction;
where is what kontrol did?;
Look What Sandy is Doing in her DORM!!;
Re: [SAtalk] Highest-scoring false positive;
Oh my...;
Re: A moment of silence for the First Amendment & Angry Liberal Yutes;
Re: video callback dataproc;
Re: Fwd: Re: Kde 3.5 ...;
Re: Switching from NV to Nouveau in Squeeze;
Re: Sorting;
What's more fun that having an orgasm?;
What is EMC Stock to Cash?;
Get the money you need while mortgage rates are down.;
Yo, hibody, pay 82% less vybux;
Re: Kde 3.5 ...;
Re: [SAtalk] updating SA;
Re: The future of "nv" driver;
This week: Deck, Tex-Edit Plus, Boom;
Re: USB device attached via RS232 adaptor;
Re: req: Falcon's eye;
$1.32 per pill. No prescription! Free shipping and Bonus pills added pqzig 36u;
[SPAM]  Yahoo Answers. Expiration;
"Free" Elvis Costello CD a trojan horse for DRM malware;
Re: Is acroread blind, or ps2pdf dangerous?;
Re: Cannot login;
Visitors counting;
Re: The Great Power-Shortage Myth;
Re: East Asian fonts in Lenny;
Special Report! TiVo: Now or Never?;
package my stuff please :P;
Re: problem to put the soho plasmoid;
Best prices for hibody. You save 77%. Presidents player;
Re: device names;
Prepare to save gas driving this Summer;
Toners and inkjet cartridges for less....          CTLOSJV;
Hey, hibody 80% for you Ycaedapuz;
Re: USB device attached via RS232 adaptor;
9/2/00: "In the overworked world of Web development, there's notime to stu;
firmware-realtek help please;
Sunny Sent You A Message;
[use Perl] Headlines for 2002-09-26;
Re: use of base image / delta image for automated recovery fromattacks;
Protect your family's future for less than $1 per day ;
[ILUG] Re: Mutt + Outbox;
[ILUG] Here is the information you requested;
Re: grub savedefault?;
Re: pinning + apt-get vs aptitude;
=?ISO-2022-JP?B?GyRCTCQ+NUJ6OS05cCIoPF5HLiEqPVAycSQkJE45LT5sGyhC?=;
Re: Hi how to escaping under ` ` in sh;
ADV: Lowest life insurance rates available!                                                   hsdpr;
Play a Hilarious Phone Prank;
Re: AUGD: Displaying iPad at a meeting, what doesn't work;
Re[2]: Selling Wedded Bliss (was Re: Ouch...);
Re: A moment of silence for the First Amendment (fwd);
GDC 2002: Game Scripting in Python;
Jm, be your own private eye;
Re: Java for Mac OS X 10.6 Update 2 and 10.5 Update 7 are live;
Re: [SAtalk] German spam corpus / foreign language spam;
Herbal Viagra 30 day trial....                      S;
Education debate;
Re: Problem with an rpm...;
Re: Kernel (de)bug information sent, even if there is no connection;
[SPAM]  For hibody special 80% OFF on Pfizer;
Re: Server certificate has expired;
Jakob Nielsen on Offshore Usability: "To save costs, somecompanies are ou;
[use Perl] Headlines for 2002-09-04;
Re: [IIU] spyware calling home?;
Canadians again - something a little more substantive;
Re: Filesystem recommendations;
Hey, hibody tao 81% for you Oguqij;
How Does Unlimited Free Calling Work?;
Re: GodTube is back!;
Re: mplayer not working for me;
Re: Server certificate has expired;
Increase Length And Thickness          OCW;
Major's shame over affair leaves Currie indignant;
[spam] [SPAM]  rolex watches;
[SPAM]  Any crap you like!!!;
[ILUG] ilug,Bigger, Fuller Breasts Naturally In Just Weeks;
KDED4 blocking Weather Applets;
Medz 4Less;
Size Does Matter To Her, Sure She Won't Tell You It Does...But She Will When She Sees You Now. dbzim tf68;
Re: [ILUG-Social] Completely silent pc;
Re: How to remove oowriter delay on opening document?;
Re: EBusiness Webforms: cluetrain has left the station;
Re: problems with 'apt-get -f install';
Re: no alternatives for firefox/mozilla;
Titan to be probed. Saturn to offer post probe cigarette;
Re: [Baseline] Raising chickens the high-tech way;

Re: Why are there no latest books written for Debian systems?;
Re: Problem with an rpm...;
ADV: Lowest life insurance rates available!                                                   moode;
PR Mailing Lists (was Re: AUGD: The MUG Center Briefing: April 11,2010);
Very important;
Warchalking FAQ;
Re: Moving to Debian: updated software;
Hgh: safe and effective release of your own growth hormone!27103;
Re: [ILUG] cheap linux PCs;
Re: Sorting;
Re: [ILUG] Interesting article on free software licences;
RE: [ILUG] VPN implementation;
Perl programmers are so cute;
This week: Marine Aquarium, QuickTime, MoonDock;
Reminder for hibody: 70% Sale is opened in compete of fighter;
=?iso-8859-1?B?W1NQQU1dIA==?= =?iso-8859-1?B?RXhxdWlzaXRlIFJlcGxpY2E=?=;
Re: bad focus/click behaviours;
Internet Archive bookmobile;
Re: [SOLVED] Debian-multimedia breaks mplayer .mov playback onLenny?;
Re: Hanson's Sept 11 message in the National Review;
[spam] [SPAM]  100% satisfaction guaranteed;
Enter now, hibody, 75% off;
Re: From;
RE: Java is for kiddies;
[SPAM]  Notification to hibody special 80% OFF of Pfizer;
buffer overflows;
Re: [Razor-users] Problem with Razor 2.14 and Spamassassin 2.41;
Re: adding 192.x with static IP;
Secretly Record all internet activity on any computer... BFL;
Re: network setup question;
RE: [ILUG] cheap linux PCs;
QuickTime Player 7 recording problem (maximum duration for the filehas been reached);
Re: Multiple Graphics cards and HDMI: How to?;
Re: Amarok's Issues;
Re: [SOLVED] Debian-multimedia breaks mplayer .mov playback on Lenny?;
Facebook with a twist;
New Solar System body revealed;
It's a small world;
Re: What needs to improve in KDE 4?;
Re: kde SC 4.4;
Tip of the Day: When trying to kill head lice with rubbingalcohol, do NOT light a cigarette;
Re: [OT] Birthday Gear (was Re: Epiphany browser continues to getworse and;
[fm-news] Newsletter for Tuesday, July 30th 2002;
Glennf responds to warchalking FUD;
None;
Re: Keyboard gets stuck when closing PPP;
[SPAM]  Video problems;
RE: [Razor-users] Ricochet Question Actually;
[Infoworld] Ballmer describes what a Chief Software Architect does;
TRAVELMAN: if it's Tuesday, it must be London...;
[use Perl] Stories for 2002-10-09;
Sears-HeatSystems: FREE Estimate;
Physics auction nets half-mil for Einstein;
Free big cock in Pussy;
Enlargement Breakthrough                       ZIBDRZPAY;
Re: Debian on a Super Lean Laptop Part I - Making it Work;
DivX News: Battle of the Planets in DivX, Warcraft III, and theLatest Skins;
Installation on HP T5700 from USB partitioning;
[SPAM]  Subscriber hibody@csmining.org: Receive 80% OFF on Pfizer;
Mortgage Rates are Still Low...but Act SOON;
Re: New Sequences Window;
Business card design;
Why pay more for something if you don't have to?;
Re: 64-bit netbooks with Debian linux;
Re: Mounting DVD.  What am I doing wrong?;
Re: Chromium in Sid;
Re: How do I transfer file through multiple jumps ssh connections;
[Spambayes] understanding high false negative rate;
100% Approved PetCare-MedRX;
Toners and inkjet cartridges for less....          KYTAUZIRZPTF;
buy viagra impotence medicine online and be ready for the next time to have better sex! yldst d1;
rpm-zzzlist@freshrpms.net;
[SPAM]  Dropping prices on watches of your dream.;
RE: A moment of silence for the First Amendment (fwd);
is your penisSIZE enough for you? We are here to help. Read Actual User Testimonials outmv bq;
Friend, Save 75% on Printer Ink!;
Look What Sandy is Doing in her DORM!!;
getting inetd to run leafnode via IPv4;
Re: [ILUG] slashdot EW Dijkstra humor;
[ILUG] Re: This is NO JOKE! Speed up your CPU for under $30!;
Re: [zzzzteana] Nothing like mama used to make;
Asterisk in Debian/Lenny without Junghanns.net support?;
Lego harpsichord: A for Obsessiveness, F for Tunefulness;
For hibody, we cut prices to -80%;

RE: liberal defnitions;
Re: David Friedman: Mail Me the Money!;
Re: Kde 3.5 ...;
RE: Re[2]: Bukkake;
Re: Chromium in Sid;
Re: Oh ma gawd - funny site of the day...;
Watch Videos;
Re: USB device attached via RS232 adaptor;
Jump in, hibody, 77% discounts all week;
Re: exmh bug?;
Take Advantage of Viral Marketing;
Irish Internet Users subscription notification;
Re: [fwd: error exmh 2.5 07/13/2001 ];
Pass-through publications are here;
Re: RSA (repost);
Lucky day for hibody! 75% off only for you;
sh command issue;
[ILUG-Social] Re: [ILUG] Dermot Beirne/Dublin/IE/Exel is out of the office.;
User hibody Unique 80% Sale;
A better DebConf10 with your help: donate or become a sponsor;
G'day hibody! Come in;
SexPills at Lower Cost, Find discounted medication with peace of mind. Up to 70% off when buy online from offshore pharmacy qsf j7;
Re: fglrx driver in debian squeeze in limbo - any ideas?;
Re: [ILUG] ipfw vs ipchains vs iptables;
Re: [fwd: error exmh 2.5 07/13/2001 ];
Take all your music on the road (ZDNET SHOPPER);
Head & Rotor VE  07/26;
AUGD: Apr/May issue of AppleUsers Spotlight is now out :);
Re: Linux compatible mainboards -another thought;
Re: Recommended Viewing;
Approved Online, Internet, Buy Viagra              SJHFL;
Hi, hibody, unbelievable 80% off prices;
[SPAM]  Britney revealed in dressroom;
Re: Mail errors or attacks?;
Ink Prices Got You Down?                          25395;
Re: tool tips remaining after window switching;
Re: Dual channel memory question;
Oh ma gawd - funny site of the day...;
[spam] [SPAM]  Get super swang! Eliminate rod's flaccidity;
[spam] [SPAM]  Luxury Pens;
RE: [ILUG] doolin;
Re: RH 8 no DMA for DVD drive;
<adv:ce>Win a Green Card and Become a U.S Citizen!;
Securing multiple virtual hosts;
Jeremy Zawodny who works at Yahoo Finance offers an RSS 0.91 feedfor every;
Re: Hi how to escaping under ` ` in sh;
Turkey City Lexicon;
Re: Forged whitelist spam;
Re: Boot / LVM best practices;
Re: Secure Sofware Key;
Good Use for ClamAV;